age,trestbps,chol,thalach,oldpeak,sex_0,sex_1,cp_0,cp_1,cp_2,cp_3,fbs_0,fbs_1,restecg_0,restecg_1,exang_0,exang_1,slope_0,slope_1,slope_2,ca_0,ca_1,ca_2,ca_3,ca_4,thal_0,thal_1,thal_2,thal_3,label
0.5777777777777778,0.605263157894737,0.20776255707762553,0.30534351145038163,0.9032258064516128,0,1.0,1.0,0,0,0,1.0,0,0,1.0,0,1.0,1.0,0,0,1.0,0,0,0,0,0,0,0,1.0,0
0.7999999999999999,0.8026315789473684,0.32648401826484014,0.5877862595419846,0.12903225806451613,1.0,0,0,0,1.0,0,1.0,0,0,1.0,1.0,0,0,0,1.0,1.0,0,0,0,0,0,0,1.0,0,1
0.5777777777777778,0.5,0.4931506849315069,0.7251908396946564,0.1935483870967742,1.0,0,0,1.0,0,0,1.0,0,0,1.0,1.0,0,0,0,1.0,1.0,0,0,0,0,0,0,1.0,0,1
0.5777777777777778,0.47368421052631593,0.31050228310502287,0.6412213740458014,0.0,0,1.0,0,1.0,0,0,1.0,0,0,1.0,1.0,0,0,0,1.0,1.0,0,0,0,0,0,0,1.0,0,1
0.7333333333333333,0.47368421052631593,0.3127853881278539,0.1984732824427481,0.1935483870967742,1.0,0,0,0,1.0,0,1.0,0,0,1.0,1.0,0,0,1.0,0,0,1.0,0,0,0,0,0,0,1.0,0
